{
  "universities": [
    {
      "name": "Назарбаев Университет (NU)",
      "city": "Астана",
      "program_count": 50,
      "avg_tuition_usd": 12000,
      "popular_specialties": ["Computer Science", "Robotics & AI", "Mechanical Engineering", "Medicine", "Biotechnology"],
      "min_ENT_score": 120
    },
    {
      "name": "Казахский Национальный Университет имени аль-Фараби (КазНУ)",
      "city": "Алматы",
      "program_count": 190,
      "avg_tuition_usd": 1800,
      "popular_specialties": ["IT", "Международные отношения", "Журналистика"],
      "min_ENT_score": 100
    },
    {
      "name": "Satbayev University",
      "city": "Алматы",
      "program_count": 120,
      "avg_tuition_usd": 2000,
      "popular_specialties": ["Нефтегазовое дело", "IT", "Инженерия", "Кибербезопасность"],
      "min_ENT_score": 95
    },
    {
      "name": "Казахско-Британский Технический Университет (KBTU)",
      "city": "Алматы",
      "program_count": 45,
      "avg_tuition_usd": 3500,
      "popular_specialties": ["IT", "Big Data", "Финансы", "Нефтегазовое дело", "Кибербезопасность"],
      "min_ENT_score": 110
    },
    {
      "name": "Евразийский Национальный Университет имени Л.Н. Гумилёва (ЕНУ)",
      "city": "Астана",
      "program_count": 160,
      "avg_tuition_usd": 1700,
      "popular_specialties": ["Международные отношения", "Право", "IT", "Прикладная математика"],
      "min_ENT_score": 95
    },
    {
      "name": "KIMEP University",
      "city": "Алматы",
      "program_count": 35,
      "avg_tuition_usd": 5000,
      "popular_specialties": ["Бизнес и аналитика", "Экономика", "Юриспруденция", "Государственное управление"],
      "min_ENT_score": 105
    },
    {
      "name": "Астана IT University (AITU)",
      "city": "Астана",
      "program_count": 20,
      "avg_tuition_usd": 2600,
      "popular_specialties": ["Software Engineering", "Cybersecurity", "Data Science", "IT Management"],
      "min_ENT_score": 90
    },
    {
      "name": "Suleyman Demirel University (SDU)",
      "city": "Каскелен",
      "program_count": 40,
      "avg_tuition_usd": 2500,
      "popular_specialties": ["Computer Science", "Education", "Finance", "Mathematics"],
      "min_ENT_score": 95
    },
    {
      "name": "МУИТ (Международный Университет Информационных Технологий)",
      "city": "Алматы",
      "program_count": 30,
      "avg_tuition_usd": 2200,
      "popular_specialties": ["IT", "Информационная безопасность", "Big Data", "Мобильная разработка"],
      "min_ENT_score": 85
    },
    {
      "name": "UIB (University of International Business)",
      "city": "Алматы",
      "program_count": 50,
      "avg_tuition_usd": 3000,
      "popular_specialties": ["Маркетинг", "Экономика", "IT Management", "Финансы"],
      "min_ENT_score": 90
    }
  ]
}
